user_A,user_B
"Albert Carey","Albert Smith"
"Albert Carey","Alex Larson"
"Albert Carey","Betty Helibron"
"Albert Carey","Bruno Keit"
"Albert Carey","Bruno Larson"
"Albert Carey","Bruno Parker"
"Albert Carey","Celina Toddbridge"
"Albert Carey","Charles Karipova"
"Albert Carey","Charles Peterson"
"Albert Carey","David Parker"
"Albert Carey","Denny Karipova"
"Albert Carey","Denny Keit"
"Albert Carey","Emma DSouza"
"Albert Carey","Erie Karipova"
"Albert Carey","Gina Parker"
"Albert Carey","John Parker"
"Albert Carey","Nadir Karipova"
"Albert Carey","Peter Karipova"
"Albert Carey","Sarena DSouza"
"Albert Helibron","Albert Carey"
"Albert Helibron","Alex Keit"
"Albert Helibron","Betty Chrysler"
"Albert Helibron","Bruno Karipova"
"Albert Helibron","Bruno Larson"
"Albert Helibron","Bruno Li"
"Albert Helibron","Christy Li"
"Albert Helibron","Denny Goldstein"
"Albert Helibron","Emma DSouza"
"Albert Helibron","Erie DSouza"
"Albert Helibron","Gina Larson"
"Albert Helibron","Gina Smith"
"Albert Helibron","Mike Keit"
"Albert Helibron","Monica Keit"
"Albert Helibron","Nadir Li"
"Albert Helibron","Peter Karipova"
"Albert Helibron","Roger Carey"
"Albert Helibron","Sam Li"
"Albert Helibron","Tom Carey"
"Albert Helibron","Tom Chrysler"
"Albert Karipova","Albert Helibron"
"Albert Karipova","Albert Smith"
"Albert Karipova","Alex Carey"
"Albert Karipova","Betty Wood"
"Albert Karipova","Bruno Li"
"Albert Karipova","Bruno Smith"
"Albert Karipova","Celina Larson"
"Albert Karipova","Celina Toddbridge"
"Albert Karipova","Charles DSouza"
"Albert Karipova","David Parker"
"Albert Karipova","Denny Keit"
"Albert Karipova","Denny Larson"
"Albert Karipova","Elena Chrysler"
"Albert Karipova","Erie DSouza"
"Albert Karipova","George Goldstein"
"Albert Karipova","Sam Larson"
"Albert Karipova","Sam Peterson"
"Albert Karipova","Sarena Carey"
"Albert Karipova","Sarena Li"
"Albert Larson","Albert Carey"
"Albert Larson","Albert Smith"
"Albert Larson","Alex Wood"
"Albert Larson","Betty Chrysler"
"Albert Larson","Bruno Parker"
"Albert Larson","Charles Chrysler"
"Albert Larson","Christy Li"
"Albert Larson","Denny Karipova"
"Albert Larson","Erie Karipova"
"Albert Larson","George Goldstein"
"Albert Larson","Gina Parker"
"Albert Larson","Jeremy Carey"
"Albert Larson","Jeremy Parker"
"Albert Larson","John Chrysler"
"Albert Larson","John Wood"
"Albert Larson","Mandy Smith"
"Albert Larson","Monica DSouza"
"Albert Larson","Nadir Toddbridge"
"Albert Larson","Roger Larson"
"Albert Larson","Sarena Carey"
"Albert Li","Alex Keit"
"Albert Li","Charles Chrysler"
"Albert Li","Charles Karipova"
"Albert Li","Christy Helibron"
"Albert Li","Christy Lomet"
"Albert Li","David Parker"
"Albert Li","Erie Karipova"
"Albert Li","George Lomet"
"Albert Li","Gina Helibron"
"Albert Li","Gina Parker"
"Albert Li","John Wood"
"Albert Li","Mandy Wood"
"Albert Li","Mike Keit"
"Albert Li","Monica Toddbridge"
"Albert Li","Nadir Karipova"
"Albert Li","Sam Goldstein"
"Albert Li","Sam Larson"
"Albert Li","Sam Li"
"Albert Li","Sam Peterson"
"Albert Li","Sarena Li"
"Albert Smith","Albert Carey"
"Albert Smith","Albert Larson"
"Albert Smith","Albert Li"
"Albert Smith","Alex Larson"
"Albert Smith","Betty Lomet"
"Albert Smith","Celina Larson"
"Albert Smith","Charles Parker"
"Albert Smith","Charles Peterson"
"Albert Smith","Christy Li"
"Albert Smith","Emma DSouza"
"Albert Smith","Emma Goldstein"
"Albert Smith","Emma Smith"
"Albert Smith","Jeremy Parker"
"Albert Smith","Kitty Toddbridge"
"Albert Smith","Nadir Wood"
"Albert Smith","Sam DSouza"
"Albert Smith","Sam Larson"
"Albert Smith","Sarena DSouza"
"Albert Smith","Tina Keit"
"Albert Smith","Tom Carey"
"Alex Carey","Alex Wood"
"Alex Carey","Bruno Li"
"Alex Carey","Bruno Lomet"
"Alex Carey","Charles Parker"
"Alex Carey","Christy Lomet"
"Alex Carey","Emma Parker"
"Alex Carey","George Goldstein"
"Alex Carey","Gina Helibron"
"Alex Carey","Gina Smith"
"Alex Carey","Mandy Wood"
"Alex Carey","Mary Smith"
"Alex Carey","Nadir Goldstein"
"Alex Carey","Nadir Karipova"
"Alex Carey","Sam Larson"
"Alex Carey","Sam Peterson"
"Alex Carey","Sarena Carey"
"Alex Carey","Sarena DSouza"
"Alex Carey","Sarena Li"
"Alex Carey","Tom Carey"
"Alex Carey","Tom Chrysler"
"Alex Keit","Betty Lomet"
"Alex Keit","Charles Chrysler"
"Alex Keit","Christy Lomet"
"Alex Keit","Denny Goldstein"
"Alex Keit","Denny Larson"
"Alex Keit","Denny Toddbridge"
"Alex Keit","Elena Parker"
"Alex Keit","Gina Parker"
"Alex Keit","Gina Smith"
"Alex Keit","Jeremy Parker"
"Alex Keit","John Chrysler"
"Alex Keit","Mandy Wood"
"Alex Keit","Mary Smith"
"Alex Keit","Monica Keit"
"Alex Keit","Nadir Helibron"
"Alex Keit","Nadir Li"
"Alex Keit","Nadir Toddbridge"
"Alex Keit","Peter Keit"
"Alex Keit","Sarena Carey"
"Alex Larson","Albert Carey"
"Alex Larson","Betty Helibron"
"Alex Larson","Bruno Larson"
"Alex Larson","Bruno Li"
"Alex Larson","Bruno Parker"
"Alex Larson","Denny Larson"
"Alex Larson","Denny Toddbridge"
"Alex Larson","Emma Parker"
"Alex Larson","George Goldstein"
"Alex Larson","George Lomet"
"Alex Larson","George Parker"
"Alex Larson","John Chrysler"
"Alex Larson","John Parker"
"Alex Larson","Kitty Helibron"
"Alex Larson","Mandy Smith"
"Alex Larson","Mary Smith"
"Alex Larson","Nadir Goldstein"
"Alex Larson","Nadir Li"
"Alex Larson","Sarena Carey"
"Alex Larson","Tom Chrysler"
"Alex Peterson","Albert Carey"
"Alex Peterson","Albert Karipova"
"Alex Peterson","Albert Li"
"Alex Peterson","Betty Chrysler"
"Alex Peterson","Denny Goldstein"
"Alex Peterson","Elena DSouza"
"Alex Peterson","Emma DSouza"
"Alex Peterson","Emma Goldstein"
"Alex Peterson","Erie DSouza"
"Alex Peterson","Erie Karipova"
"Alex Peterson","Gina Larson"
"Alex Peterson","Jeremy Parker"
"Alex Peterson","Monica DSouza"
"Alex Peterson","Nadir Goldstein"
"Alex Peterson","Nadir Helibron"
"Alex Peterson","Roger Carey"
"Alex Peterson","Sam DSouza"
"Alex Peterson","Sarena Li"
"Alex Peterson","Tina Keit"
"Alex Peterson","Tom Chrysler"
"Alex Wood","Alex Carey"
"Alex Wood","Alex Keit"
"Alex Wood","Betty Chrysler"
"Alex Wood","Charles Parker"
"Alex Wood","Christy Li"
"Alex Wood","Denny Larson"
"Alex Wood","Emma Parker"
"Alex Wood","Erie DSouza"
"Alex Wood","George Parker"
"Alex Wood","Gina Helibron"
"Alex Wood","Gina Smith"
"Alex Wood","Jeremy Goldstein"
"Alex Wood","Kitty Helibron"
"Alex Wood","Mary Smith"
"Alex Wood","Nadir Karipova"
"Alex Wood","Nadir Wood"
"Alex Wood","Roger DSouza"
"Alex Wood","Sam Goldstein"
"Alex Wood","Sam Helibron"
"Alex Wood","Sam Li"
"Betty Chrysler","Albert Larson"
"Betty Chrysler","Alex Keit"
"Betty Chrysler","Alex Peterson"
"Betty Chrysler","Bruno Smith"
"Betty Chrysler","Celina Parker"
"Betty Chrysler","Charles Karipova"
"Betty Chrysler","Charles Parker"
"Betty Chrysler","Christy Lomet"
"Betty Chrysler","Denny Karipova"
"Betty Chrysler","George Lomet"
"Betty Chrysler","George Parker"
"Betty Chrysler","George Smith"
"Betty Chrysler","Gina Toddbridge"
"Betty Chrysler","John Chrysler"
"Betty Chrysler","John Parker"
"Betty Chrysler","Mandy Wood"
"Betty Chrysler","Roger DSouza"
"Betty Chrysler","Sam Peterson"
"Betty Chrysler","Sarena Carey"
"Betty Helibron","Albert Carey"
"Betty Helibron","Alex Carey"
"Betty Helibron","Alex Larson"
"Betty Helibron","Bruno Keit"
"Betty Helibron","Bruno Lomet"
"Betty Helibron","Celina Larson"
"Betty Helibron","Charles Chrysler"
"Betty Helibron","Christy Helibron"
"Betty Helibron","Denny Goldstein"
"Betty Helibron","Emma Smith"
"Betty Helibron","George Parker"
"Betty Helibron","Gina Parker"
"Betty Helibron","Gina Smith"
"Betty Helibron","Gina Toddbridge"
"Betty Helibron","Kitty Toddbridge"
"Betty Helibron","Monica Toddbridge"
"Betty Helibron","Nadir Karipova"
"Betty Helibron","Sam Goldstein"
"Betty Helibron","Tom Wood"
"Betty Lomet","Alex Keit"
"Betty Lomet","Alex Peterson"
"Betty Lomet","Betty Wood"
"Betty Lomet","Bruno Karipova"
"Betty Lomet","Celina Larson"
"Betty Lomet","Charles Karipova"
"Betty Lomet","Charles Peterson"
"Betty Lomet","Emma Smith"
"Betty Lomet","Erie Karipova"
"Betty Lomet","George Parker"
"Betty Lomet","Gina Helibron"
"Betty Lomet","Jeremy Goldstein"
"Betty Lomet","Monica DSouza"
"Betty Lomet","Nadir Goldstein"
"Betty Lomet","Nadir Karipova"
"Betty Lomet","Nadir Toddbridge"
"Betty Lomet","Roger Larson"
"Betty Lomet","Sam Helibron"
"Betty Lomet","Tina Keit"
"Betty Wood","Albert Helibron"
"Betty Wood","Albert Karipova"
"Betty Wood","Alex Peterson"
"Betty Wood","Betty Chrysler"
"Betty Wood","Betty Helibron"
"Betty Wood","Celina Parker"
"Betty Wood","Christy Helibron"
"Betty Wood","David Parker"
"Betty Wood","Emma Parker"
"Betty Wood","Emma Smith"
"Betty Wood","Erie DSouza"
"Betty Wood","George Goldstein"
"Betty Wood","George Lomet"
"Betty Wood","George Parker"
"Betty Wood","Monica Toddbridge"
"Betty Wood","Nadir Li"
"Betty Wood","Peter Karipova"
"Betty Wood","Sam DSouza"
"Betty Wood","Sam Goldstein"
"Bruno Karipova","Albert Carey"
"Bruno Karipova","Albert Helibron"
"Bruno Karipova","Albert Li"
"Bruno Karipova","Alex Keit"
"Bruno Karipova","Alex Peterson"
"Bruno Karipova","Betty Lomet"
"Bruno Karipova","Bruno Keit"
"Bruno Karipova","Bruno Parker"
"Bruno Karipova","Denny Toddbridge"
"Bruno Karipova","Elena DSouza"
"Bruno Karipova","Gina Carey"
"Bruno Karipova","Gina Smith"
"Bruno Karipova","Mandy Smith"
"Bruno Karipova","Mary Smith"
"Bruno Karipova","Monica DSouza"
"Bruno Karipova","Nadir Li"
"Bruno Karipova","Roger Larson"
"Bruno Karipova","Sarena DSouza"
"Bruno Karipova","Tom Chrysler"
"Bruno Keit","Albert Carey"
"Bruno Keit","Albert Larson"
"Bruno Keit","Albert Smith"
"Bruno Keit","Betty Chrysler"
"Bruno Keit","Charles DSouza"
"Bruno Keit","Christy Li"
"Bruno Keit","Denny Goldstein"
"Bruno Keit","Elena Chrysler"
"Bruno Keit","Elena Parker"
"Bruno Keit","Gina Carey"
"Bruno Keit","John Parker"
"Bruno Keit","Kitty Helibron"
"Bruno Keit","Mandy Smith"
"Bruno Keit","Mandy Wood"
"Bruno Keit","Mary Smith"
"Bruno Keit","Nadir Toddbridge"
"Bruno Keit","Nadir Wood"
"Bruno Keit","Peter Keit"
"Bruno Keit","Roger Larson"
"Bruno Keit","Tom Wood"
"Bruno Larson","Alex Keit"
"Bruno Larson","Betty Wood"
"Bruno Larson","Charles Parker"
"Bruno Larson","David Parker"
"Bruno Larson","Elena DSouza"
"Bruno Larson","Emma Goldstein"
"Bruno Larson","Emma Smith"
"Bruno Larson","Erie DSouza"
"Bruno Larson","Gina Larson"
"Bruno Larson","Gina Parker"
"Bruno Larson","Gina Smith"
"Bruno Larson","Jeremy Carey"
"Bruno Larson","Mandy Wood"
"Bruno Larson","Nadir Helibron"
"Bruno Larson","Sam Goldstein"
"Bruno Larson","Sam Larson"
"Bruno Larson","Sam Li"
"Bruno Larson","Sam Peterson"
"Bruno Larson","Tina Keit"
"Bruno Larson","Tom Wood"
"Bruno Li","Albert Karipova"
"Bruno Li","Albert Li"
"Bruno Li","Alex Larson"
"Bruno Li","Alex Peterson"
"Bruno Li","Alex Wood"
"Bruno Li","Betty Helibron"
"Bruno Li","Betty Lomet"
"Bruno Li","Bruno Parker"
"Bruno Li","Celina Parker"
"Bruno Li","Celina Toddbridge"
"Bruno Li","Charles Parker"
"Bruno Li","Christy Li"
"Bruno Li","Denny Goldstein"
"Bruno Li","Denny Keit"
"Bruno Li","Elena Parker"
"Bruno Li","Kitty Helibron"
"Bruno Li","Monica Keit"
"Bruno Li","Peter Karipova"
"Bruno Li","Sam Helibron"
"Bruno Li","Tina Keit"
"Bruno Lomet","Albert Karipova"
"Bruno Lomet","Alex Larson"
"Bruno Lomet","Alex Wood"
"Bruno Lomet","Bruno Larson"
"Bruno Lomet","Charles Parker"
"Bruno Lomet","Christy Helibron"
"Bruno Lomet","Denny Goldstein"
"Bruno Lomet","Denny Keit"
"Bruno Lomet","George Lomet"
"Bruno Lomet","Gina Helibron"
"Bruno Lomet","Gina Parker"
"Bruno Lomet","John Wood"
"Bruno Lomet","Mandy Wood"
"Bruno Lomet","Monica Lomet"
"Bruno Lomet","Roger Carey"
"Bruno Lomet","Roger Larson"
"Bruno Lomet","Sam Helibron"
"Bruno Lomet","Tina Keit"
"Bruno Lomet","Tom Wood"
"Bruno Parker","Betty Helibron"
"Bruno Parker","Betty Wood"
"Bruno Parker","Bruno Lomet"
"Bruno Parker","Denny Keit"
"Bruno Parker","Denny Toddbridge"
"Bruno Parker","Elena Chrysler"
"Bruno Parker","George Goldstein"
"Bruno Parker","George Lomet"
"Bruno Parker","George Smith"
"Bruno Parker","Gina Carey"
"Bruno Parker","Gina Larson"
"Bruno Parker","Gina Parker"
"Bruno Parker","John Chrysler"
"Bruno Parker","Kitty Toddbridge"
"Bruno Parker","Roger Carey"
"Bruno Parker","Roger DSouza"
"Bruno Parker","Sam Helibron"
"Bruno Parker","Sarena Carey"
"Bruno Parker","Tom Carey"
"Bruno Parker","Tom Chrysler"
"Bruno Smith","Albert Carey"
"Bruno Smith","Alex Larson"
"Bruno Smith","Betty Wood"
"Bruno Smith","Bruno Parker"
"Bruno Smith","Denny Karipova"
"Bruno Smith","Denny Keit"
"Bruno Smith","Denny Larson"
"Bruno Smith","George Parker"
"Bruno Smith","Gina Helibron"
"Bruno Smith","Jeremy Parker"
"Bruno Smith","John Chrysler"
"Bruno Smith","Mandy Smith"
"Bruno Smith","Mary Smith"
"Bruno Smith","Mike Keit"
"Bruno Smith","Monica Lomet"
"Bruno Smith","Monica Toddbridge"
"Bruno Smith","Nadir Helibron"
"Bruno Smith","Peter Keit"
"Bruno Smith","Sarena Carey"
"Bruno Smith","Tom Carey"
"Celina Larson","Albert Karipova"
"Celina Larson","Albert Larson"
"Celina Larson","Albert Li"
"Celina Larson","Alex Larson"
"Celina Larson","Alex Peterson"
"Celina Larson","Bruno Li"
"Celina Larson","Celina Parker"
"Celina Larson","Christy Helibron"
"Celina Larson","Christy Li"
"Celina Larson","Denny Larson"
"Celina Larson","George Parker"
"Celina Larson","Gina Smith"
"Celina Larson","John Chrysler"
"Celina Larson","Kitty Toddbridge"
"Celina Larson","Mandy Wood"
"Celina Larson","Peter Karipova"
"Celina Larson","Roger Larson"
"Celina Larson","Sam Helibron"
"Celina Larson","Sam Larson"
"Celina Larson","Sam Li"
"Celina Parker","Albert Li"
"Celina Parker","Alex Carey"
"Celina Parker","Betty Chrysler"
"Celina Parker","Christy Li"
"Celina Parker","Elena Chrysler"
"Celina Parker","Emma Smith"
"Celina Parker","Erie DSouza"
"Celina Parker","Erie Karipova"
"Celina Parker","George Goldstein"
"Celina Parker","Gina Larson"
"Celina Parker","Jeremy Parker"
"Celina Parker","Kitty Helibron"
"Celina Parker","Mandy Smith"
"Celina Parker","Nadir Karipova"
"Celina Parker","Peter Keit"
"Celina Parker","Roger Carey"
"Celina Parker","Sam Goldstein"
"Celina Parker","Sam Li"
"Celina Parker","Tom Chrysler"
"Celina Parker","Tom Wood"
"Celina Toddbridge","Alex Keit"
"Celina Toddbridge","Alex Larson"
"Celina Toddbridge","Betty Helibron"
"Celina Toddbridge","Betty Wood"
"Celina Toddbridge","Bruno Parker"
"Celina Toddbridge","Charles Peterson"
"Celina Toddbridge","Christy Helibron"
"Celina Toddbridge","Denny Keit"
"Celina Toddbridge","Denny Toddbridge"
"Celina Toddbridge","Gabriela Li"
"Celina Toddbridge","John Chrysler"
"Celina Toddbridge","John Wood"
"Celina Toddbridge","Kitty Helibron"
"Celina Toddbridge","Mary Smith"
"Celina Toddbridge","Monica Lomet"
"Celina Toddbridge","Nadir Helibron"
"Celina Toddbridge","Nadir Karipova"
"Celina Toddbridge","Peter Karipova"
"Celina Toddbridge","Sam Larson"
"Celina Toddbridge","Sarena DSouza"
"Charles Chrysler","Albert Karipova"
"Charles Chrysler","Albert Smith"
"Charles Chrysler","Alex Wood"
"Charles Chrysler","Bruno Keit"
"Charles Chrysler","Charles Peterson"
"Charles Chrysler","Denny Karipova"
"Charles Chrysler","Elena Chrysler"
"Charles Chrysler","Emma DSouza"
"Charles Chrysler","Emma Smith"
"Charles Chrysler","Erie DSouza"
"Charles Chrysler","George Smith"
"Charles Chrysler","Gina Helibron"
"Charles Chrysler","Gina Larson"
"Charles Chrysler","Mary Smith"
"Charles Chrysler","Nadir Li"
"Charles Chrysler","Peter Karipova"
"Charles Chrysler","Sam Larson"
"Charles Chrysler","Sarena Carey"
"Charles Chrysler","Tina Keit"
"Charles Chrysler","Tom Carey"
"Charles DSouza","Albert Larson"
"Charles DSouza","Alex Larson"
"Charles DSouza","Alex Peterson"
"Charles DSouza","Bruno Karipova"
"Charles DSouza","Bruno Keit"
"Charles DSouza","Bruno Li"
"Charles DSouza","Bruno Smith"
"Charles DSouza","Celina Larson"
"Charles DSouza","Charles Parker"
"Charles DSouza","Christy Helibron"
"Charles DSouza","David Parker"
"Charles DSouza","Denny Goldstein"
"Charles DSouza","Elena Parker"
"Charles DSouza","Emma Goldstein"
"Charles DSouza","Gabriela Li"
"Charles DSouza","George Smith"
"Charles DSouza","Gina Smith"
"Charles DSouza","John Wood"
"Charles DSouza","Nadir Goldstein"
"Charles DSouza","Sam Peterson"
"Charles Karipova","Albert Karipova"
"Charles Karipova","Alex Peterson"
"Charles Karipova","Betty Chrysler"
"Charles Karipova","Charles Parker"
"Charles Karipova","Christy Helibron"
"Charles Karipova","Christy Li"
"Charles Karipova","Christy Lomet"
"Charles Karipova","Denny Karipova"
"Charles Karipova","Denny Larson"
"Charles Karipova","George Smith"
"Charles Karipova","Gina Larson"
"Charles Karipova","Gina Toddbridge"
"Charles Karipova","Jeremy Carey"
"Charles Karipova","John Parker"
"Charles Karipova","John Wood"
"Charles Karipova","Monica DSouza"
"Charles Karipova","Sam Helibron"
"Charles Karipova","Sam Li"
"Charles Karipova","Tom Carey"
"Charles Karipova","Tom Wood"
"Charles Parker","Albert Karipova"
"Charles Parker","Albert Larson"
"Charles Parker","Alex Carey"
"Charles Parker","Alex Larson"
"Charles Parker","Betty Helibron"
"Charles Parker","Betty Lomet"
"Charles Parker","Bruno Larson"
"Charles Parker","Bruno Lomet"
"Charles Parker","Bruno Parker"
"Charles Parker","Christy Helibron"
"Charles Parker","George Smith"
"Charles Parker","Jeremy Carey"
"Charles Parker","John Parker"
"Charles Parker","Nadir Karipova"
"Charles Parker","Roger Lomet"
"Charles Parker","Sam DSouza"
"Charles Parker","Sam Larson"
"Charles Parker","Sam Peterson"
"Charles Parker","Sarena DSouza"
"Charles Parker","Sarena Li"
"Charles Peterson","Albert Helibron"
"Charles Peterson","Albert Karipova"
"Charles Peterson","Albert Larson"
"Charles Peterson","Albert Smith"
"Charles Peterson","Alex Keit"
"Charles Peterson","Alex Peterson"
"Charles Peterson","Bruno Keit"
"Charles Peterson","Christy Helibron"
"Charles Peterson","David Parker"
"Charles Peterson","Denny Keit"
"Charles Peterson","Elena Chrysler"
"Charles Peterson","Emma Parker"
"Charles Peterson","George Smith"
"Charles Peterson","Monica Toddbridge"
"Charles Peterson","Nadir Goldstein"
"Charles Peterson","Nadir Li"
"Charles Peterson","Peter Keit"
"Charles Peterson","Roger Carey"
"Charles Peterson","Sam Peterson"
"Christy Helibron","Albert Carey"
"Christy Helibron","Albert Larson"
"Christy Helibron","Bruno Keit"
"Christy Helibron","Christy Lomet"
"Christy Helibron","Denny Toddbridge"
"Christy Helibron","Emma Goldstein"
"Christy Helibron","Emma Parker"
"Christy Helibron","Erie Karipova"
"Christy Helibron","George Lomet"
"Christy Helibron","George Parker"
"Christy Helibron","Gina Larson"
"Christy Helibron","Jeremy Goldstein"
"Christy Helibron","Kitty Toddbridge"
"Christy Helibron","Mandy Smith"
"Christy Helibron","Mary Smith"
"Christy Helibron","Nadir Helibron"
"Christy Helibron","Nadir Wood"
"Christy Helibron","Sam DSouza"
"Christy Helibron","Sam Larson"
"Christy Helibron","Sarena Carey"
"Christy Li","Albert Carey"
"Christy Li","Albert Helibron"
"Christy Li","Albert Smith"
"Christy Li","Alex Keit"
"Christy Li","Alex Larson"
"Christy Li","Betty Helibron"
"Christy Li","Betty Lomet"
"Christy Li","Bruno Karipova"
"Christy Li","Bruno Smith"
"Christy Li","Celina Larson"
"Christy Li","Charles DSouza"
"Christy Li","Charles Parker"
"Christy Li","Denny Larson"
"Christy Li","Emma Goldstein"
"Christy Li","Emma Smith"
"Christy Li","Gina Smith"
"Christy Li","Mandy Smith"
"Christy Li","Monica Toddbridge"
"Christy Li","Roger Carey"
"Christy Li","Tom Carey"
"Christy Lomet","Albert Larson"
"Christy Lomet","Albert Smith"
"Christy Lomet","Alex Peterson"
"Christy Lomet","Alex Wood"
"Christy Lomet","Bruno Li"
"Christy Lomet","Bruno Lomet"
"Christy Lomet","Bruno Parker"
"Christy Lomet","Denny Keit"
"Christy Lomet","Denny Larson"
"Christy Lomet","Denny Toddbridge"
"Christy Lomet","Elena DSouza"
"Christy Lomet","Emma Smith"
"Christy Lomet","George Parker"
"Christy Lomet","Kitty Helibron"
"Christy Lomet","Kitty Toddbridge"
"Christy Lomet","Monica Lomet"
"Christy Lomet","Nadir Helibron"
"Christy Lomet","Sam DSouza"
"Christy Lomet","Tom Wood"
"David Parker","Albert Carey"
"David Parker","Albert Smith"
"David Parker","Alex Wood"
"David Parker","Betty Chrysler"
"David Parker","Betty Helibron"
"David Parker","Betty Lomet"
"David Parker","Bruno Keit"
"David Parker","Bruno Li"
"David Parker","Bruno Smith"
"David Parker","Charles Chrysler"
"David Parker","Denny Karipova"
"David Parker","Emma Parker"
"David Parker","Erie Karipova"
"David Parker","George Lomet"
"David Parker","George Parker"
"David Parker","John Parker"
"David Parker","Sam Larson"
"David Parker","Sam Li"
"David Parker","Tom Wood"
"Denny Goldstein","Albert Helibron"
"Denny Goldstein","Alex Carey"
"Denny Goldstein","Alex Keit"
"Denny Goldstein","Alex Larson"
"Denny Goldstein","Betty Chrysler"
"Denny Goldstein","Betty Lomet"
"Denny Goldstein","Bruno Karipova"
"Denny Goldstein","Bruno Lomet"
"Denny Goldstein","Bruno Smith"
"Denny Goldstein","Celina Parker"
"Denny Goldstein","Charles DSouza"
"Denny Goldstein","Charles Peterson"
"Denny Goldstein","Erie Karipova"
"Denny Goldstein","George Lomet"
"Denny Goldstein","George Smith"
"Denny Goldstein","Gina Helibron"
"Denny Goldstein","John Wood"
"Denny Goldstein","Roger Carey"
"Denny Goldstein","Sam Li"
"Denny Goldstein","Sarena Li"
"Denny Karipova","Albert Carey"
"Denny Karipova","Albert Karipova"
"Denny Karipova","Albert Larson"
"Denny Karipova","Albert Li"
"Denny Karipova","Betty Chrysler"
"Denny Karipova","Bruno Larson"
"Denny Karipova","Bruno Smith"
"Denny Karipova","Celina Toddbridge"
"Denny Karipova","Denny Toddbridge"
"Denny Karipova","Elena Chrysler"
"Denny Karipova","Elena DSouza"
"Denny Karipova","George Goldstein"
"Denny Karipova","Gina Parker"
"Denny Karipova","Jeremy Carey"
"Denny Karipova","Jeremy Goldstein"
"Denny Karipova","Mike Keit"
"Denny Karipova","Monica Toddbridge"
"Denny Karipova","Roger Lomet"
"Denny Karipova","Sam Goldstein"
"Denny Karipova","Tom Carey"
"Denny Keit","Albert Carey"
"Denny Keit","Albert Smith"
"Denny Keit","Alex Keit"
"Denny Keit","Bruno Parker"
"Denny Keit","Charles DSouza"
"Denny Keit","Christy Helibron"
"Denny Keit","Christy Lomet"
"Denny Keit","Elena DSouza"
"Denny Keit","Elena Parker"
"Denny Keit","Emma Parker"
"Denny Keit","George Lomet"
"Denny Keit","Jeremy Goldstein"
"Denny Keit","Nadir Goldstein"
"Denny Keit","Nadir Toddbridge"
"Denny Keit","Peter Keit"
"Denny Keit","Roger Carey"
"Denny Keit","Roger DSouza"
"Denny Keit","Sam Li"
"Denny Keit","Sam Peterson"
"Denny Keit","Sarena Carey"
"Denny Larson","Albert Li"
"Denny Larson","Bruno Lomet"
"Denny Larson","Bruno Parker"
"Denny Larson","Celina Larson"
"Denny Larson","Celina Parker"
"Denny Larson","Charles DSouza"
"Denny Larson","Denny Karipova"
"Denny Larson","Emma DSouza"
"Denny Larson","Emma Goldstein"
"Denny Larson","Gina Helibron"
"Denny Larson","Gina Larson"
"Denny Larson","Jeremy Carey"
"Denny Larson","Mike Keit"
"Denny Larson","Nadir Li"
"Denny Larson","Nadir Wood"
"Denny Larson","Peter Karipova"
"Denny Larson","Roger Carey"
"Denny Larson","Sam Larson"
"Denny Larson","Sam Li"
"Denny Larson","Sarena DSouza"
"Denny Toddbridge","Albert Li"
"Denny Toddbridge","Alex Larson"
"Denny Toddbridge","Bruno Karipova"
"Denny Toddbridge","Celina Larson"
"Denny Toddbridge","Charles Parker"
"Denny Toddbridge","Christy Li"
"Denny Toddbridge","Christy Lomet"
"Denny Toddbridge","Denny Goldstein"
"Denny Toddbridge","Elena DSouza"
"Denny Toddbridge","Emma DSouza"
"Denny Toddbridge","Mary Smith"
"Denny Toddbridge","Mike Keit"
"Denny Toddbridge","Nadir Goldstein"
"Denny Toddbridge","Nadir Karipova"
"Denny Toddbridge","Peter Karipova"
"Denny Toddbridge","Peter Keit"
"Denny Toddbridge","Sam Helibron"
"Denny Toddbridge","Sam Larson"
"Denny Toddbridge","Tom Carey"
"Elena Chrysler","Alex Larson"
"Elena Chrysler","Alex Peterson"
"Elena Chrysler","Denny Goldstein"
"Elena Chrysler","Denny Larson"
"Elena Chrysler","Emma DSouza"
"Elena Chrysler","Gabriela Li"
"Elena Chrysler","George Parker"
"Elena Chrysler","Gina Toddbridge"
"Elena Chrysler","John Wood"
"Elena Chrysler","Kitty Toddbridge"
"Elena Chrysler","Mandy Smith"
"Elena Chrysler","Monica Toddbridge"
"Elena Chrysler","Nadir Goldstein"
"Elena Chrysler","Nadir Toddbridge"
"Elena Chrysler","Peter Keit"
"Elena Chrysler","Sam Li"
"Elena Chrysler","Sam Peterson"
"Elena Chrysler","Sarena Carey"
"Elena Chrysler","Tom Carey"
"Elena Chrysler","Tom Chrysler"
"Elena DSouza","Albert Carey"
"Elena DSouza","Betty Chrysler"
"Elena DSouza","Betty Wood"
"Elena DSouza","Bruno Karipova"
"Elena DSouza","Bruno Parker"
"Elena DSouza","Celina Larson"
"Elena DSouza","Celina Parker"
"Elena DSouza","Celina Toddbridge"
"Elena DSouza","Charles Chrysler"
"Elena DSouza","Christy Li"
"Elena DSouza","Christy Lomet"
"Elena DSouza","John Wood"
"Elena DSouza","Mary Smith"
"Elena DSouza","Nadir Wood"
"Elena DSouza","Roger Carey"
"Elena DSouza","Sam DSouza"
"Elena DSouza","Sam Helibron"
"Elena DSouza","Sarena Carey"
"Elena DSouza","Tom Chrysler"
"Elena Parker","Albert Carey"
"Elena Parker","Betty Lomet"
"Elena Parker","Betty Wood"
"Elena Parker","Celina Larson"
"Elena Parker","Charles Parker"
"Elena Parker","Denny Goldstein"
"Elena Parker","Emma Parker"
"Elena Parker","George Goldstein"
"Elena Parker","George Parker"
"Elena Parker","George Smith"
"Elena Parker","Gina Smith"
"Elena Parker","Gina Toddbridge"
"Elena Parker","Mandy Smith"
"Elena Parker","Mandy Wood"
"Elena Parker","Mary Smith"
"Elena Parker","Monica Keit"
"Elena Parker","Sam Li"
"Elena Parker","Sarena Li"
"Elena Parker","Tom Carey"
"Emma DSouza","Alex Larson"
"Emma DSouza","Betty Chrysler"
"Emma DSouza","Betty Helibron"
"Emma DSouza","Bruno Larson"
"Emma DSouza","Charles Karipova"
"Emma DSouza","Denny Goldstein"
"Emma DSouza","Erie DSouza"
"Emma DSouza","Gabriela Li"
"Emma DSouza","Gina Parker"
"Emma DSouza","Jeremy Carey"
"Emma DSouza","Mandy Wood"
"Emma DSouza","Mary Smith"
"Emma DSouza","Monica Lomet"
"Emma DSouza","Nadir Goldstein"
"Emma DSouza","Nadir Toddbridge"
"Emma DSouza","Roger Carey"
"Emma DSouza","Roger DSouza"
"Emma DSouza","Sam Goldstein"
"Emma DSouza","Tom Chrysler"
"Emma Goldstein","Betty Helibron"
"Emma Goldstein","Bruno Larson"
"Emma Goldstein","Bruno Smith"
"Emma Goldstein","Charles Chrysler"
"Emma Goldstein","Charles DSouza"
"Emma Goldstein","Charles Peterson"
"Emma Goldstein","Christy Helibron"
"Emma Goldstein","Emma Parker"
"Emma Goldstein","Gina Toddbridge"
"Emma Goldstein","Jeremy Carey"
"Emma Goldstein","Jeremy Parker"
"Emma Goldstein","John Parker"
"Emma Goldstein","Kitty Toddbridge"
"Emma Goldstein","Nadir Toddbridge"
"Emma Goldstein","Nadir Wood"
"Emma Goldstein","Roger Lomet"
"Emma Goldstein","Sam Goldstein"
"Emma Goldstein","Sam Larson"
"Emma Goldstein","Sarena DSouza"
"Emma Goldstein","Tom Wood"
"Emma Parker","Alex Peterson"
"Emma Parker","Bruno Larson"
"Emma Parker","Celina Larson"
"Emma Parker","Charles DSouza"
"Emma Parker","Emma Goldstein"
"Emma Parker","Gabriela Li"
"Emma Parker","George Lomet"
"Emma Parker","Gina Toddbridge"
"Emma Parker","Jeremy Goldstein"
"Emma Parker","John Wood"
"Emma Parker","Kitty Toddbridge"
"Emma Parker","Mary Smith"
"Emma Parker","Monica Keit"
"Emma Parker","Nadir Helibron"
"Emma Parker","Nadir Wood"
"Emma Parker","Roger Carey"
"Emma Parker","Roger DSouza"
"Emma Parker","Roger Larson"
"Emma Parker","Sam DSouza"
"Emma Parker","Sarena DSouza"
"Emma Smith","Alex Larson"
"Emma Smith","Alex Peterson"
"Emma Smith","Betty Chrysler"
"Emma Smith","Betty Wood"
"Emma Smith","Bruno Parker"
"Emma Smith","Celina Parker"
"Emma Smith","Charles DSouza"
"Emma Smith","Christy Li"
"Emma Smith","Denny Goldstein"
"Emma Smith","Denny Keit"
"Emma Smith","Denny Toddbridge"
"Emma Smith","Gina Larson"
"Emma Smith","Jeremy Goldstein"
"Emma Smith","John Chrysler"
"Emma Smith","Mike Keit"
"Emma Smith","Nadir Goldstein"
"Emma Smith","Peter Karipova"
"Emma Smith","Sarena DSouza"
"Emma Smith","Tom Carey"
"Erie DSouza","Betty Chrysler"
"Erie DSouza","Betty Helibron"
"Erie DSouza","Betty Wood"
"Erie DSouza","Bruno Karipova"
"Erie DSouza","Celina Larson"
"Erie DSouza","Celina Toddbridge"
"Erie DSouza","Denny Goldstein"
"Erie DSouza","Denny Karipova"
"Erie DSouza","Elena Chrysler"
"Erie DSouza","Emma Goldstein"
"Erie DSouza","Gina Smith"
"Erie DSouza","Jeremy Carey"
"Erie DSouza","Mandy Smith"
"Erie DSouza","Monica DSouza"
"Erie DSouza","Monica Lomet"
"Erie DSouza","Monica Toddbridge"
"Erie DSouza","Nadir Toddbridge"
"Erie DSouza","Nadir Wood"
"Erie DSouza","Peter Keit"
"Erie DSouza","Roger Carey"
"Erie Karipova","Albert Larson"
"Erie Karipova","Bruno Karipova"
"Erie Karipova","Bruno Keit"
"Erie Karipova","Bruno Li"
"Erie Karipova","Celina Larson"
"Erie Karipova","Celina Parker"
"Erie Karipova","Charles Chrysler"
"Erie Karipova","Charles Karipova"
"Erie Karipova","Christy Lomet"
"Erie Karipova","Emma Goldstein"
"Erie Karipova","Erie DSouza"
"Erie Karipova","Gina Helibron"
"Erie Karipova","Gina Parker"
"Erie Karipova","Kitty Toddbridge"
"Erie Karipova","Mary Smith"
"Erie Karipova","Roger Lomet"
"Erie Karipova","Sam DSouza"
"Erie Karipova","Sam Goldstein"
"Erie Karipova","Tom Chrysler"
"Erie Karipova","Tom Wood"
"Gabriela Li","Albert Helibron"
"Gabriela Li","Albert Larson"
"Gabriela Li","Alex Carey"
"Gabriela Li","Betty Helibron"
"Gabriela Li","Celina Larson"
"Gabriela Li","Charles Chrysler"
"Gabriela Li","Christy Li"
"Gabriela Li","David Parker"
"Gabriela Li","Denny Goldstein"
"Gabriela Li","Denny Karipova"
"Gabriela Li","Emma Goldstein"
"Gabriela Li","Emma Parker"
"Gabriela Li","John Chrysler"
"Gabriela Li","John Wood"
"Gabriela Li","Mike Keit"
"Gabriela Li","Monica Lomet"
"Gabriela Li","Monica Toddbridge"
"Gabriela Li","Nadir Goldstein"
"Gabriela Li","Nadir Wood"
"Gabriela Li","Sam Goldstein"
"George Goldstein","Albert Karipova"
"George Goldstein","Alex Carey"
"George Goldstein","Alex Larson"
"George Goldstein","Bruno Larson"
"George Goldstein","Celina Parker"
"George Goldstein","Christy Li"
"George Goldstein","Denny Keit"
"George Goldstein","Erie Karipova"
"George Goldstein","Gabriela Li"
"George Goldstein","George Lomet"
"George Goldstein","George Smith"
"George Goldstein","Gina Carey"
"George Goldstein","Gina Parker"
"George Goldstein","John Wood"
"George Goldstein","Kitty Toddbridge"
"George Goldstein","Mandy Wood"
"George Goldstein","Nadir Goldstein"
"George Goldstein","Nadir Wood"
"George Goldstein","Roger Carey"
"George Goldstein","Sam DSouza"
"George Lomet","Alex Keit"
"George Lomet","Betty Wood"
"George Lomet","Bruno Keit"
"George Lomet","Bruno Larson"
"George Lomet","Charles DSouza"
"George Lomet","Denny Goldstein"
"George Lomet","Elena DSouza"
"George Lomet","Emma DSouza"
"George Lomet","Emma Smith"
"George Lomet","George Parker"
"George Lomet","Gina Larson"
"George Lomet","Jeremy Goldstein"
"George Lomet","Kitty Helibron"
"George Lomet","Kitty Toddbridge"
"George Lomet","Mandy Wood"
"George Lomet","Mary Smith"
"George Lomet","Monica DSouza"
